<?xml version="1.0" encoding="UTF-8"?>
<suppressions xmlns="https://jeremylong.github.io/DependencyCheck/dependency-suppression.1.3.xsd">
   <suppress>
      <notes><![CDATA[
      file name: spring-beans-5.2.3.RELEASE.jar
      ]]></notes>
      <packageUrl regex="true">^pkg:maven/org\.springframework/spring\-beans@.*$</packageUrl>
      <vulnerabilityName>CVE-2022-22965</vulnerabilityName>
   </suppress>
   <suppress>
   <notes><![CDATA[
   file name: spring-context-5.2.3.RELEASE.jar
   ]]></notes>
   <packageUrl regex="true">^pkg:maven/org\.springframework/spring\-context@.*$</packageUrl>
   <vulnerabilityName>CVE-2022-22968</vulnerabilityName>
</suppress>
</suppressions>